"sample","platform","cohort"
"03_04_2013_A06_3191.CEL","Sepsis_ref","Sepsis"
"03_04_2013_A07_3170.CEL","Sepsis_ref","Sepsis"
"03_04_2013_B05_3273.CEL","Sepsis_ref","Sepsis"
"03_04_2013_B11_2547.CEL","Sepsis_ref","Sepsis"
"03_04_2013_C06_2765.CEL","Sepsis_ref","Sepsis"
"03_04_2013_C09_2694697.CEL","Sepsis_ref","Sepsis"
"03_04_2013_D01_2761.CEL","Sepsis_ref","Sepsis"
"03_04_2013_D06_2785.CEL","Sepsis_ref","Sepsis"
"03_04_2013_E08_1507.CEL","Sepsis_ref","Sepsis"
"03_04_2013_E12_2452.CEL","Sepsis_ref","Sepsis"
"03_04_2013_H05_544.CEL","Sepsis_ref","Sepsis"
"03_04_2013_H09_2480.CEL","Sepsis_ref","Sepsis"
"05_03_2013_A12_2342432.CEL","Sepsis_ref","Sepsis"
"05_03_2013_C04_2405776.CEL","Sepsis_ref","Sepsis"
"05_03_2013_C05_2279394.CEL","Sepsis_ref","Sepsis"
"05_03_2013_C06_2404709.CEL","Sepsis_ref","Sepsis"
"05_03_2013_C07_1319.CEL","Sepsis_ref","Sepsis"
"05_03_2013_D03_1668.CEL","Sepsis_ref","Sepsis"
"05_03_2013_D08_1074.CEL","Sepsis_ref","Sepsis"
"05_03_2013_D09_205.CEL","Sepsis_ref","Sepsis"
"05_03_2013_E01_2221.CEL","Sepsis_ref","Sepsis"
"05_03_2013_E03_2022192.CEL","Sepsis_ref","Sepsis"
"05_03_2013_E08_2032249.CEL","Sepsis_ref","Sepsis"
"05_03_2013_E09_603.CEL","Sepsis_ref","Sepsis"
"05_03_2013_G02_2106085.CEL","Sepsis_ref","Sepsis"
"05_03_2013_G06_2470148.CEL","Sepsis_ref","Sepsis"
"05_03_2013_G08_2662486.CEL","Sepsis_ref","Sepsis"
"05_03_2013_H03_2039709.CEL","Sepsis_ref","Sepsis"
"05_03_2013_H09_1052.CEL","Sepsis_ref","Sepsis"
"05_03_2013_H10_1383.CEL","Sepsis_ref","Sepsis"
"06_02_2013_B03_1373.CEL","Sepsis_ref","Sepsis"
"06_02_2013_B04_1758.CEL","Sepsis_ref","Sepsis"
"06_02_2013_B06_2120.CEL","Sepsis_ref","Sepsis"
"06_02_2013_B07_2016652.CEL","Sepsis_ref","Sepsis"
"06_02_2013_B10_2473032.CEL","Sepsis_ref","Sepsis"
"06_02_2013_C03_2851245.CEL","Sepsis_ref","Sepsis"
"06_02_2013_C06_2084599.CEL","Sepsis_ref","Sepsis"
"06_02_2013_C07_1499.CEL","Sepsis_ref","Sepsis"
"06_02_2013_C10_1036.CEL","Sepsis_ref","Sepsis"
"06_02_2013_E04_218.CEL","Sepsis_ref","Sepsis"
"06_02_2013_E08_2658341.CEL","Sepsis_ref","Sepsis"
"06_02_2013_E11_1768.CEL","Sepsis_ref","Sepsis"
"06_02_2013_E12_1617.CEL","Sepsis_ref","Sepsis"
"06_02_2013_F08_428.CEL","Sepsis_ref","Sepsis"
"06_02_2013_F09_470.CEL","Sepsis_ref","Sepsis"
"06_02_2013_F12_2586738.CEL","Sepsis_ref","Sepsis"
"06_02_2013_G01_2392950.CEL","Sepsis_ref","Sepsis"
"06_02_2013_G06_689.CEL","Sepsis_ref","Sepsis"
"07_03_2013_A01_2661717.CEL","Sepsis_ref","Sepsis"
"07_03_2013_A07_2129.CEL","Sepsis_ref","Sepsis"
"07_03_2013_A08_2514152.CEL","Sepsis_ref","Sepsis"
"07_03_2013_A12_2173394.CEL","Sepsis_ref","Sepsis"
"07_03_2013_B10_2545687.CEL","Sepsis_ref","Sepsis"
"07_03_2013_C02_2793139.CEL","Sepsis_ref","Sepsis"
"07_03_2013_C03_2658343.CEL","Sepsis_ref","Sepsis"
"07_03_2013_C04_2082299.CEL","Sepsis_ref","Sepsis"
"07_03_2013_C09_2684834.CEL","Sepsis_ref","Sepsis"
"07_03_2013_D01_2807373.CEL","Sepsis_ref","Sepsis"
"07_03_2013_D04_714.CEL","Sepsis_ref","Sepsis"
"07_03_2013_D07_349.CEL","Sepsis_ref","Sepsis"
"07_03_2013_D08_1119.CEL","Sepsis_ref","Sepsis"
"07_03_2013_E06_2045.CEL","Sepsis_ref","Sepsis"
"07_03_2013_F08_2757591.CEL","Sepsis_ref","Sepsis"
"07_03_2013_F10_181.CEL","Sepsis_ref","Sepsis"
"07_03_2013_G05_2071896.CEL","Sepsis_ref","Sepsis"
"07_03_2013_H01_1281.CEL","Sepsis_ref","Sepsis"
"07_03_2013_H02_1114.CEL","Sepsis_ref","Sepsis"
"12_03_2013_A08_2416144.CEL","Sepsis_ref","Sepsis"
"12_03_2013_A10_2177162.CEL","Sepsis_ref","Sepsis"
"12_03_2013_B01_2123380.CEL","Sepsis_ref","Sepsis"
"12_03_2013_B04_2459139.CEL","Sepsis_ref","Sepsis"
"12_03_2013_B07_2788747.CEL","Sepsis_ref","Sepsis"
"12_03_2013_B09_2311040.CEL","Sepsis_ref","Sepsis"
"12_03_2013_C08_312.CEL","Sepsis_ref","Sepsis"
"12_03_2013_D01_2927001.CEL","Sepsis_ref","Sepsis"
"12_03_2013_D12_176.CEL","Sepsis_ref","Sepsis"
"12_03_2013_E04_1317.CEL","Sepsis_ref","Sepsis"
"12_03_2013_F01_2933729.CEL","Sepsis_ref","Sepsis"
"12_03_2013_F04_2888440.CEL","Sepsis_ref","Sepsis"
"12_03_2013_F05_950.CEL","Sepsis_ref","Sepsis"
"12_03_2013_G06_2914265.CEL","Sepsis_ref","Sepsis"
"12_03_2013_G08_2131.CEL","Sepsis_ref","Sepsis"
"12_03_2013_H02_2791031.CEL","Sepsis_ref","Sepsis"
"12_03_2013_H07_2279.CEL","Sepsis_ref","Sepsis"
"13_02_2013_A07_2071168.CEL","Sepsis_ref","Sepsis"
"13_02_2013_A08_2138225.CEL","Sepsis_ref","Sepsis"
"13_02_2013_B05_2518579.CEL","Sepsis_ref","Sepsis"
"13_02_2013_B06_2262695.CEL","Sepsis_ref","Sepsis"
"13_02_2013_B12_1906.CEL","Sepsis_ref","Sepsis"
"13_02_2013_D01_2139889.CEL","Sepsis_ref","Sepsis"
"13_02_2013_F02_2080847.CEL","Sepsis_ref","Sepsis"
"13_02_2013_F06_1988.CEL","Sepsis_ref","Sepsis"
"13_02_2013_F09_554.CEL","Sepsis_ref","Sepsis"
"13_02_2013_F10_2284122.CEL","Sepsis_ref","Sepsis"
"13_02_2013_G04_299.CEL","Sepsis_ref","Sepsis"
"13_02_2013_G12_2004.CEL","Sepsis_ref","Sepsis"
"13_02_2013_H06_638.CEL","Sepsis_ref","Sepsis"
"13_03_2013_A05_2311555.CEL","Sepsis_ref","Sepsis"
"13_03_2013_A12_2473497.CEL","Sepsis_ref","Sepsis"
"13_03_2013_B02_2003.CEL","Sepsis_ref","Sepsis"
"13_03_2013_C06_474.CEL","Sepsis_ref","Sepsis"
"13_03_2013_D01_2465607.CEL","Sepsis_ref","Sepsis"
"13_03_2013_E04_2784251.CEL","Sepsis_ref","Sepsis"
"13_03_2013_F03_427.CEL","Sepsis_ref","Sepsis"
"13_03_2013_F10_2805753.CEL","Sepsis_ref","Sepsis"
"13_03_2013_G01_1251.CEL","Sepsis_ref","Sepsis"
"13_03_2013_G09_1551.CEL","Sepsis_ref","Sepsis"
"13_03_2013_H05_2832620.CEL","Sepsis_ref","Sepsis"
"13_03_2013_H08_2423724.CEL","Sepsis_ref","Sepsis"
"14_03_2013_A01_1153.CEL","Sepsis_ref","Sepsis"
"14_03_2013_A04_1822.CEL","Sepsis_ref","Sepsis"
"14_03_2013_C01_2647680.CEL","Sepsis_ref","Sepsis"
"14_03_2013_D01_1908.CEL","Sepsis_ref","Sepsis"
"14_03_2013_D04_2002.CEL","Sepsis_ref","Sepsis"
"14_03_2013_D06_1464.CEL","Sepsis_ref","Sepsis"
"14_03_2013_D08_1973.CEL","Sepsis_ref","Sepsis"
"14_03_2013_E04_1257.CEL","Sepsis_ref","Sepsis"
"14_03_2013_E11_440.CEL","Sepsis_ref","Sepsis"
"14_03_2013_F09_2859676.CEL","Sepsis_ref","Sepsis"
"14_03_2013_F11_228.CEL","Sepsis_ref","Sepsis"
"14_03_2013_G02_2905183.CEL","Sepsis_ref","Sepsis"
"14_03_2013_H05_2630414.CEL","Sepsis_ref","Sepsis"
"14_03_2013_H08_2858074.CEL","Sepsis_ref","Sepsis"
"14_03_2013_H10_2613389.CEL","Sepsis_ref","Sepsis"
"19_03_2013_A03_2122227.CEL","Sepsis_ref","Sepsis"
"19_03_2013_A04_2682699.CEL","Sepsis_ref","Sepsis"
"19_03_2013_A09_2096625.CEL","Sepsis_ref","Sepsis"
"19_03_2013_A10_2210087.CEL","Sepsis_ref","Sepsis"
"19_03_2013_A12_2360467.CEL","Sepsis_ref","Sepsis"
"19_03_2013_B10_1456.CEL","Sepsis_ref","Sepsis"
"19_03_2013_C04_897.CEL","Sepsis_ref","Sepsis"
"19_03_2013_C05_855.CEL","Sepsis_ref","Sepsis"
"19_03_2013_C10_533.CEL","Sepsis_ref","Sepsis"
"19_03_2013_D09_1992.CEL","Sepsis_ref","Sepsis"
"19_03_2013_F05_2047294.CEL","Sepsis_ref","Sepsis"
"19_03_2013_F06_219.CEL","Sepsis_ref","Sepsis"
"19_03_2013_F10_1598.CEL","Sepsis_ref","Sepsis"
"19_03_2013_F12_516.CEL","Sepsis_ref","Sepsis"
"19_03_2013_G02_1004.CEL","Sepsis_ref","Sepsis"
"19_03_2013_G10_231.CEL","Sepsis_ref","Sepsis"
"19_03_2013_H09_2327068.CEL","Sepsis_ref","Sepsis"
"20_03_2013_A05_2081.CEL","Sepsis_ref","Sepsis"
"20_03_2013_B01_2593636.CEL","Sepsis_ref","Sepsis"
"20_03_2013_C12_2897831.CEL","Sepsis_ref","Sepsis"
"20_03_2013_D06_2060094.CEL","Sepsis_ref","Sepsis"
"20_03_2013_D09_2348773.CEL","Sepsis_ref","Sepsis"
"20_03_2013_E02_2148523.CEL","Sepsis_ref","Sepsis"
"20_03_2013_E04_2666347.CEL","Sepsis_ref","Sepsis"
"20_03_2013_F05_922.CEL","Sepsis_ref","Sepsis"
"20_03_2013_G11_2345.CEL","Sepsis_ref","Sepsis"
"20_03_2013_H01_2340.CEL","Sepsis_ref","Sepsis"
"20_03_2013_H02_2329.CEL","Sepsis_ref","Sepsis"
"20_03_2013_H06_2306.CEL","Sepsis_ref","Sepsis"
"20_03_2013_H08_2302.CEL","Sepsis_ref","Sepsis"
"21_03_2013_A05_2259.CEL","Sepsis_ref","Sepsis"
"21_03_2013_A06_2229.CEL","Sepsis_ref","Sepsis"
"21_03_2013_B05_2009.CEL","Sepsis_ref","Sepsis"
"21_03_2013_B11_1318.CEL","Sepsis_ref","Sepsis"
"21_03_2013_C06_221.CEL","Sepsis_ref","Sepsis"
"21_03_2013_C07_2656.CEL","Sepsis_ref","Sepsis"
"21_03_2013_C10_2643.CEL","Sepsis_ref","Sepsis"
"21_03_2013_C11_2639.CEL","Sepsis_ref","Sepsis"
"21_03_2013_D02_2622.CEL","Sepsis_ref","Sepsis"
"21_03_2013_E05_2516.CEL","Sepsis_ref","Sepsis"
"21_03_2013_E07_2507.CEL","Sepsis_ref","Sepsis"
"21_03_2013_E11_2491.CEL","Sepsis_ref","Sepsis"
"21_03_2013_F01_2475.CEL","Sepsis_ref","Sepsis"
"21_03_2013_F04_2468.CEL","Sepsis_ref","Sepsis"
"21_03_2013_F06_2461.CEL","Sepsis_ref","Sepsis"
"21_03_2013_F07_2455.CEL","Sepsis_ref","Sepsis"
"21_03_2013_F09_2444.CEL","Sepsis_ref","Sepsis"
"21_03_2013_F12_2407.CEL","Sepsis_ref","Sepsis"
"21_03_2013_G01_2409.CEL","Sepsis_ref","Sepsis"
"21_03_2013_G03_2384.CEL","Sepsis_ref","Sepsis"
"21_03_2013_G09_2950.CEL","Sepsis_ref","Sepsis"
"21_03_2013_G12_2947.CEL","Sepsis_ref","Sepsis"
"21_03_2013_H04_2977.CEL","Sepsis_ref","Sepsis"
"21_03_2013_H07_2995.CEL","Sepsis_ref","Sepsis"
"21_03_2013_H10_2924.CEL","Sepsis_ref","Sepsis"
"22_01_2013_A12_2273467.CEL","Sepsis_ref","Sepsis"
"22_01_2013_B05_966.CEL","Sepsis_ref","Sepsis"
"22_01_2013_B10_2739656.CEL","Sepsis_ref","Sepsis"
"22_01_2013_C01_2062249.CEL","Sepsis_ref","Sepsis"
"22_01_2013_C02_2295511.CEL","Sepsis_ref","Sepsis"
"22_01_2013_C05_1550.CEL","Sepsis_ref","Sepsis"
"22_01_2013_D11_2091020.CEL","Sepsis_ref","Sepsis"
"22_01_2013_E09_1552.CEL","Sepsis_ref","Sepsis"
"22_01_2013_E10_808.CEL","Sepsis_ref","Sepsis"
"22_01_2013_F06_2337277.CEL","Sepsis_ref","Sepsis"
"22_01_2013_G01_2661366.CEL","Sepsis_ref","Sepsis"
"22_01_2013_G10_2206690.CEL","Sepsis_ref","Sepsis"
"22_01_2013_G11_2146.CEL","Sepsis_ref","Sepsis"
"22_01_2013_H08_2079564.CEL","Sepsis_ref","Sepsis"
"22_01_2013_H09_2095014.CEL","Sepsis_ref","Sepsis"
"22_01_2013_H11_2750964.CEL","Sepsis_ref","Sepsis"
"26_03_2013_B01_1849.CEL","Sepsis_ref","Sepsis"
"26_03_2013_B06_1625.CEL","Sepsis_ref","Sepsis"
"26_03_2013_B10_2274.CEL","Sepsis_ref","Sepsis"
"26_03_2013_C02_2542638.CEL","Sepsis_ref","Sepsis"
"26_03_2013_D06_2741.CEL","Sepsis_ref","Sepsis"
"26_03_2013_D07_2733.CEL","Sepsis_ref","Sepsis"
"26_03_2013_E02_2718.CEL","Sepsis_ref","Sepsis"
"26_03_2013_E08_2678.CEL","Sepsis_ref","Sepsis"
"26_03_2013_E11_2659.CEL","Sepsis_ref","Sepsis"
"26_03_2013_F02_2973085.CEL","Sepsis_ref","Sepsis"
"26_03_2013_F04_2042.CEL","Sepsis_ref","Sepsis"
"26_03_2013_F07_3073.CEL","Sepsis_ref","Sepsis"
"26_03_2013_G07_3003.CEL","Sepsis_ref","Sepsis"
"26_03_2013_H03_3085.CEL","Sepsis_ref","Sepsis"
"27_03_2013_A01_3137.CEL","Sepsis_ref","Sepsis"
"27_03_2013_B08_2866326.CEL","Sepsis_ref","Sepsis"
"27_03_2013_C07_1583.CEL","Sepsis_ref","Sepsis"
"27_03_2013_D10_2849655.CEL","Sepsis_ref","Sepsis"
"27_03_2013_E01_2437188.CEL","Sepsis_ref","Sepsis"
"27_03_2013_E04_2575353.CEL","Sepsis_ref","Sepsis"
"27_03_2013_E06_2977805.CEL","Sepsis_ref","Sepsis"
"27_03_2013_F04_3379.CEL","Sepsis_ref","Sepsis"
"27_03_2013_F09_3393.CEL","Sepsis_ref","Sepsis"
"27_03_2013_F10_3351.CEL","Sepsis_ref","Sepsis"
"27_03_2013_F11_3352.CEL","Sepsis_ref","Sepsis"
"27_03_2013_G12_3293.CEL","Sepsis_ref","Sepsis"
"CAP0004_1","Sepsis_ref","Sepsis"
"CAP0013_1","Sepsis_ref","Sepsis"
"CAP0015_1","Sepsis_ref","Sepsis"
"CAP0032_1","Sepsis_ref","Sepsis"
"CAP0036_1","Sepsis_ref","Sepsis"
"CAP0047_1","Sepsis_ref","Sepsis"
"CAP0048_1","Sepsis_ref","Sepsis"
"CAP0050_1","Sepsis_ref","Sepsis"
"CAP0056_1","Sepsis_ref","Sepsis"
"CAP0057_1","Sepsis_ref","Sepsis"
"CAP0065_1","Sepsis_ref","Sepsis"
"CAP0070_1","Sepsis_ref","Sepsis"
"CAP0077_1","Sepsis_ref","Sepsis"
"CAP0094_1","Sepsis_ref","Sepsis"
"CAP0101_1","Sepsis_ref","Sepsis"
"CAP0106_1","Sepsis_ref","Sepsis"
"CAP0152_1","Sepsis_ref","Sepsis"
"CAP0160_1","Sepsis_ref","Sepsis"
"CAP0170_1","Sepsis_ref","Sepsis"
"CAP0208_1","Sepsis_ref","Sepsis"
"CAP0230_1","Sepsis_ref","Sepsis"
"CAP0252_1","Sepsis_ref","Sepsis"
"CAP0281_1","Sepsis_ref","Sepsis"
"CAP0283_1","Sepsis_ref","Sepsis"
"CAP0287_1","Sepsis_ref","Sepsis"
"CAP0295_1","Sepsis_ref","Sepsis"
"CAP0306_1","Sepsis_ref","Sepsis"
"CAP0315_1","Sepsis_ref","Sepsis"
"CAP0342_1","Sepsis_ref","Sepsis"
"CAP0344_1","Sepsis_ref","Sepsis"
"CAP0368_1","Sepsis_ref","Sepsis"
"CAP0370_1","Sepsis_ref","Sepsis"
"CAP0376_1","Sepsis_ref","Sepsis"
"CAP0380_1","Sepsis_ref","Sepsis"
"CAP0381_1","Sepsis_ref","Sepsis"
"CAP0390_1","Sepsis_ref","Sepsis"
"CAP0397_1","Sepsis_ref","Sepsis"
"FP0001_1","Sepsis_ref","Sepsis"
"FP0002_1","Sepsis_ref","Sepsis"
"FP0018_1","Sepsis_ref","Sepsis"
"FP0023_1","Sepsis_ref","Sepsis"
"FP0024_1","Sepsis_ref","Sepsis"
"FP0025_1","Sepsis_ref","Sepsis"
"FP0030_1","Sepsis_ref","Sepsis"
"FP0032_1","Sepsis_ref","Sepsis"
"FP0035_1","Sepsis_ref","Sepsis"
"FP0037_1","Sepsis_ref","Sepsis"
"FP0045_1","Sepsis_ref","Sepsis"
"FP0055_1","Sepsis_ref","Sepsis"
"FP0061_1","Sepsis_ref","Sepsis"
"FP0076_1","Sepsis_ref","Sepsis"
"FP0083_1","Sepsis_ref","Sepsis"
"FP0085_1","Sepsis_ref","Sepsis"
"FP0087_1","Sepsis_ref","Sepsis"
"FP0090_1","Sepsis_ref","Sepsis"
"FP0091_1","Sepsis_ref","Sepsis"
"FP0094_1","Sepsis_ref","Sepsis"
"FP0102_1","Sepsis_ref","Sepsis"
"FP0105_1","Sepsis_ref","Sepsis"
"FP0109_1","Sepsis_ref","Sepsis"
"FP0110_1","Sepsis_ref","Sepsis"
"FP0116_1","Sepsis_ref","Sepsis"
"FP0117_1","Sepsis_ref","Sepsis"
"gains8032871","Sepsis_ref","Sepsis"
"gains8032874","Sepsis_ref","Sepsis"
"gains8032885","Sepsis_ref","Sepsis"
"gains8032889","Sepsis_ref","Sepsis"
"gains8032908","Sepsis_ref","Sepsis"
"gains8032915","Sepsis_ref","Sepsis"
"gains8032953","Sepsis_ref","Sepsis"
"gains8032958","Sepsis_ref","Sepsis"
"gains8032961","Sepsis_ref","Sepsis"
"gains8032962","Sepsis_ref","Sepsis"
"gains8032967","Sepsis_ref","Sepsis"
"gains8032968","Sepsis_ref","Sepsis"
"gains8032972","Sepsis_ref","Sepsis"
"gains8032978","Sepsis_ref","Sepsis"
"gains8032982","Sepsis_ref","Sepsis"
"gains8032989","Sepsis_ref","Sepsis"
"gains8032991","Sepsis_ref","Sepsis"
"gains8032992","Sepsis_ref","Sepsis"
"gains8033007","Sepsis_ref","Sepsis"
"gains8033017","Sepsis_ref","Sepsis"
"gains8033021","Sepsis_ref","Sepsis"
"gains8033027","Sepsis_ref","Sepsis"
"gains8033053","Sepsis_ref","Sepsis"
"gains8033061","Sepsis_ref","Sepsis"
"gains8033069","Sepsis_ref","Sepsis"
"gains8033075","Sepsis_ref","Sepsis"
"gains8033085","Sepsis_ref","Sepsis"
"gains8033087","Sepsis_ref","Sepsis"
"gains8033089","Sepsis_ref","Sepsis"
"gains8033095","Sepsis_ref","Sepsis"
"gains8033098","Sepsis_ref","Sepsis"
"gains8033100","Sepsis_ref","Sepsis"
"gains8033101","Sepsis_ref","Sepsis"
"gains8033117","Sepsis_ref","Sepsis"
"gains8033122","Sepsis_ref","Sepsis"
"gains8033154","Sepsis_ref","Sepsis"
"gains8033169","Sepsis_ref","Sepsis"
"gains8033171","Sepsis_ref","Sepsis"
"gains8033176","Sepsis_ref","Sepsis"
"gains8033179","Sepsis_ref","Sepsis"
"gains8033184","Sepsis_ref","Sepsis"
"gains8033186","Sepsis_ref","Sepsis"
"gains8033192","Sepsis_ref","Sepsis"
"gains8033196","Sepsis_ref","Sepsis"
"gains8033202","Sepsis_ref","Sepsis"
"gains8033204","Sepsis_ref","Sepsis"
"gains8033214","Sepsis_ref","Sepsis"
"gains8033217","Sepsis_ref","Sepsis"
"gains8033246","Sepsis_ref","Sepsis"
"gains8033251","Sepsis_ref","Sepsis"
"gains8033255","Sepsis_ref","Sepsis"
"gains8033262","Sepsis_ref","Sepsis"
"gains8033269","Sepsis_ref","Sepsis"
"gains8033270","Sepsis_ref","Sepsis"
"gains8033277","Sepsis_ref","Sepsis"
"gains8033280","Sepsis_ref","Sepsis"
"gains8033287","Sepsis_ref","Sepsis"
"gains8033289","Sepsis_ref","Sepsis"
"gains8033294","Sepsis_ref","Sepsis"
"gains8033299","Sepsis_ref","Sepsis"
"gains8033302","Sepsis_ref","Sepsis"
"gains8033315","Sepsis_ref","Sepsis"
"gains8033338","Sepsis_ref","Sepsis"
"gains8033341","Sepsis_ref","Sepsis"
"gains8033346","Sepsis_ref","Sepsis"
"gains8033353","Sepsis_ref","Sepsis"
"gains8033372","Sepsis_ref","Sepsis"
"gains8033373","Sepsis_ref","Sepsis"
"gains8033376","Sepsis_ref","Sepsis"
"gains8033378","Sepsis_ref","Sepsis"
"gains8033383","Sepsis_ref","Sepsis"
"gains8033384","Sepsis_ref","Sepsis"
"gains8033386","Sepsis_ref","Sepsis"
"gains8033392","Sepsis_ref","Sepsis"
"gains8033399","Sepsis_ref","Sepsis"
"gains8033411","Sepsis_ref","Sepsis"
"gains8033436","Sepsis_ref","Sepsis"
"gains8033445","Sepsis_ref","Sepsis"
"gains8033457","Sepsis_ref","Sepsis"
"gains8033458","Sepsis_ref","Sepsis"
"gains8033464","Sepsis_ref","Sepsis"
"gains8033469","Sepsis_ref","Sepsis"
"gains8033494","Sepsis_ref","Sepsis"
"gains8033506","Sepsis_ref","Sepsis"
"gains8033533","Sepsis_ref","Sepsis"
"gains8033537","Sepsis_ref","Sepsis"
"gains8033546","Sepsis_ref","Sepsis"
"gains8033549","Sepsis_ref","Sepsis"
"gains8033573","Sepsis_ref","Sepsis"
"gains8033578","Sepsis_ref","Sepsis"
"gains8033582","Sepsis_ref","Sepsis"
"gains8033590","Sepsis_ref","Sepsis"
"gains8033601","Sepsis_ref","Sepsis"
"gains8033628","Sepsis_ref","Sepsis"
"gains8033635","Sepsis_ref","Sepsis"
"gains8033648","Sepsis_ref","Sepsis"
"gains8033657","Sepsis_ref","Sepsis"
"gains8033663","Sepsis_ref","Sepsis"
"gains8033664","Sepsis_ref","Sepsis"
"gains8033665","Sepsis_ref","Sepsis"
"gains8033692","Sepsis_ref","Sepsis"
"gains8033693","Sepsis_ref","Sepsis"
"gains8033725","Sepsis_ref","Sepsis"
"gains8033729","Sepsis_ref","Sepsis"
"gains8033738","Sepsis_ref","Sepsis"
"gains8033743","Sepsis_ref","Sepsis"
"gains8033746","Sepsis_ref","Sepsis"
"gains8033748","Sepsis_ref","Sepsis"
"gains8033758","Sepsis_ref","Sepsis"
"gains8033775","Sepsis_ref","Sepsis"
"gains8033776","Sepsis_ref","Sepsis"
"gains8033788","Sepsis_ref","Sepsis"
"gains8033792","Sepsis_ref","Sepsis"
"gains8033794","Sepsis_ref","Sepsis"
"gains8033795","Sepsis_ref","Sepsis"
"gains8033835","Sepsis_ref","Sepsis"
"gains8033847","Sepsis_ref","Sepsis"
"gains8033848","Sepsis_ref","Sepsis"
"gains8033852","Sepsis_ref","Sepsis"
"gains8033856","Sepsis_ref","Sepsis"
"gains8033868","Sepsis_ref","Sepsis"
"gains8033883","Sepsis_ref","Sepsis"
"gains8033892","Sepsis_ref","Sepsis"
"gains8033915","Sepsis_ref","Sepsis"
"gains8033920","Sepsis_ref","Sepsis"
"gains8033921","Sepsis_ref","Sepsis"
"gains8033925","Sepsis_ref","Sepsis"
"gains8033931","Sepsis_ref","Sepsis"
"gains8033934","Sepsis_ref","Sepsis"
"gains8033943","Sepsis_ref","Sepsis"
"gains8033944","Sepsis_ref","Sepsis"
"gains8033945","Sepsis_ref","Sepsis"
"gains8033953","Sepsis_ref","Sepsis"
"gains8033964","Sepsis_ref","Sepsis"
"gains8033969","Sepsis_ref","Sepsis"
"gains8033975","Sepsis_ref","Sepsis"
"gains8033982","Sepsis_ref","Sepsis"
"qns30996_727","CAP_cohort","CAP"
"qns31079_042","CAP_cohort","CAP"
"qns31079_044","CAP_cohort","CAP"
"qns31079_045","CAP_cohort","CAP"
"qns31079_046","CAP_cohort","CAP"
"qns31079_047","CAP_cohort","CAP"
"qns31079_048","CAP_cohort","CAP"
"qns31079_049","CAP_cohort","CAP"
"qns31079_050","CAP_cohort","CAP"
"qns31079_051","CAP_cohort","CAP"
"qns31079_052","CAP_cohort","CAP"
"qns31079_053","CAP_cohort","CAP"
"qns31079_054","CAP_cohort","CAP"
"qns31079_055","CAP_cohort","CAP"
"qns31079_056","CAP_cohort","CAP"
"qns31079_057","CAP_cohort","CAP"
"qns31079_058","CAP_cohort","CAP"
"qns31079_059","CAP_cohort","CAP"
"qns31079_061","CAP_cohort","CAP"
"qns31079_062","CAP_cohort","CAP"
"qns31079_063","CAP_cohort","CAP"
"qns31079_064","CAP_cohort","CAP"
"qns31079_066","CAP_cohort","CAP"
"qns31079_067","CAP_cohort","CAP"
"qns31079_068","CAP_cohort","CAP"
"qns31079_069","CAP_cohort","CAP"
"qns31079_070","CAP_cohort","CAP"
"qns31079_071","CAP_cohort","CAP"
"qns31079_072","CAP_cohort","CAP"
"qns31079_073","CAP_cohort","CAP"
"qns31079_074","CAP_cohort","CAP"
"qns31079_075","CAP_cohort","CAP"
"qns31079_076","CAP_cohort","CAP"
"qns31079_077","CAP_cohort","CAP"
"qns31079_078","CAP_cohort","CAP"
"qns31079_079","CAP_cohort","CAP"
"qns31079_080","CAP_cohort","CAP"
"qns31079_081","CAP_cohort","CAP"
"qns31079_082","CAP_cohort","CAP"
"qns31079_083","CAP_cohort","CAP"
"qns31079_084","CAP_cohort","CAP"
"qns31079_085","CAP_cohort","CAP"
"qns31079_086","CAP_cohort","CAP"
"qns31079_087","CAP_cohort","CAP"
"qns31079_088","CAP_cohort","CAP"
"qns31079_089","CAP_cohort","CAP"
"qns31079_090","CAP_cohort","CAP"
"qns31079_092","CAP_cohort","CAP"
"qns31079_093","CAP_cohort","CAP"
"qns31079_094","CAP_cohort","CAP"
"qns31079_188","CAP_cohort","CAP"
"qns31079_190","CAP_cohort","CAP"
"qns31079_191","CAP_cohort","CAP"
"qns31079_192","CAP_cohort","CAP"
"qns31079_194","CAP_cohort","CAP"
"qns31079_195","CAP_cohort","CAP"
"qns31079_196","CAP_cohort","CAP"
"qns31079_197","CAP_cohort","CAP"
"qns31079_198","CAP_cohort","CAP"
"qns31079_199","CAP_cohort","CAP"
"qns31079_200","CAP_cohort","CAP"
"qns31079_201","CAP_cohort","CAP"
"qns31079_202","CAP_cohort","CAP"
"qns31079_203","CAP_cohort","CAP"
"qns31079_204","CAP_cohort","CAP"
"qns31079_205","CAP_cohort","CAP"
"qns31079_206","CAP_cohort","CAP"
"qns31079_207","CAP_cohort","CAP"
"qns31079_208","CAP_cohort","CAP"
"qns31079_209","CAP_cohort","CAP"
"qns31079_210","CAP_cohort","CAP"
"qns31079_211","CAP_cohort","CAP"
"qns31079_212","CAP_cohort","CAP"
"qns31079_213","CAP_cohort","CAP"
"qns31079_214","CAP_cohort","CAP"
"qns31079_215","CAP_cohort","CAP"
"qns31079_217","CAP_cohort","CAP"
"qns31079_218","CAP_cohort","CAP"
"qns31079_219","CAP_cohort","CAP"
"qns31079_220","CAP_cohort","CAP"
"qns31079_221","CAP_cohort","CAP"
"qns31079_222","CAP_cohort","CAP"
"qns31079_224","CAP_cohort","CAP"
"qns31079_225","CAP_cohort","CAP"
"qns31079_226","CAP_cohort","CAP"
"qns31079_227","CAP_cohort","CAP"
"qns31079_228","CAP_cohort","CAP"
"qns31079_229","CAP_cohort","CAP"
"qns31079_230","CAP_cohort","CAP"
"qns31079_231","CAP_cohort","CAP"
"qns31079_232","CAP_cohort","CAP"
"qns31079_233","CAP_cohort","CAP"
"qns31079_234","CAP_cohort","CAP"
"qns31079_236","CAP_cohort","CAP"
"qns31079_237","CAP_cohort","CAP"
"qns31079_238","CAP_cohort","CAP"
"qns31079_239","CAP_cohort","CAP"
"qns31079_240","CAP_cohort","CAP"
"qns31079_241","CAP_cohort","CAP"
"qns31079_242","CAP_cohort","CAP"
"qns31079_243","CAP_cohort","CAP"
"qns31079_244","CAP_cohort","CAP"
"qns31079_245","CAP_cohort","CAP"
"qns31079_246","CAP_cohort","CAP"
"qns31079_247","CAP_cohort","CAP"
"qns31079_248","CAP_cohort","CAP"
"qns31079_249","CAP_cohort","CAP"
"qns31079_250","CAP_cohort","CAP"
"qns31079_251","CAP_cohort","CAP"
"qns31079_252","CAP_cohort","CAP"
"qns31079_253","CAP_cohort","CAP"
"qns31079_254","CAP_cohort","CAP"
"qns31079_255","CAP_cohort","CAP"
"qns31079_256","CAP_cohort","CAP"
"qns31079_257","CAP_cohort","CAP"
"qns31079_258","CAP_cohort","CAP"
"qns31079_259","CAP_cohort","CAP"
"qns31079_260","CAP_cohort","CAP"
"qns31079_261","CAP_cohort","CAP"
"qns31079_262","CAP_cohort","CAP"
"qns31079_263","CAP_cohort","CAP"
"qns31079_264","CAP_cohort","CAP"
"qns31079_265","CAP_cohort","CAP"
"qns31079_266","CAP_cohort","CAP"
"qns31079_267","CAP_cohort","CAP"
"qns31079_268","CAP_cohort","CAP"
"qns31079_269","CAP_cohort","CAP"
"qns31079_270","CAP_cohort","CAP"
"qns31079_272","CAP_cohort","CAP"
"qns31079_273","CAP_cohort","CAP"
"qns31079_274","CAP_cohort","CAP"
"qns31079_275","CAP_cohort","CAP"
"qns31079_276","CAP_cohort","CAP"
"qns31079_277","CAP_cohort","CAP"
"qns31079_278","CAP_cohort","CAP"
"qns31079_279","CAP_cohort","CAP"
"qns31079_280","CAP_cohort","CAP"
"qns31079_281","CAP_cohort","CAP"
"qns31079_282","CAP_cohort","CAP"
"qns31079_283","CAP_cohort","CAP"
"qns31079_284","CAP_cohort","CAP"
"qns31079_285","CAP_cohort","CAP"
"qns31079_286","CAP_cohort","CAP"
"qns31079_287","CAP_cohort","CAP"
"qns31079_288","CAP_cohort","CAP"
"qns31079_289","CAP_cohort","CAP"
"qns31079_290","CAP_cohort","CAP"
"qns31079_291","CAP_cohort","CAP"
"qns31079_292","CAP_cohort","CAP"
"qns31079_293","CAP_cohort","CAP"
"qns31079_294","CAP_cohort","CAP"
"qns31079_295","CAP_cohort","CAP"
"qns31079_296","CAP_cohort","CAP"
"qns31079_297","CAP_cohort","CAP"
"qns31079_298","CAP_cohort","CAP"
"qns31079_299","CAP_cohort","CAP"
"qns31079_300","CAP_cohort","CAP"
"qns31079_301","CAP_cohort","CAP"
"qns31079_302","CAP_cohort","CAP"
"qns31079_303","CAP_cohort","CAP"
"qns31079_304","CAP_cohort","CAP"
"qns31079_305","CAP_cohort","CAP"
"qns31079_306","CAP_cohort","CAP"
"qns31079_307","CAP_cohort","CAP"
"qns31079_308","CAP_cohort","CAP"
"qns31079_309","CAP_cohort","CAP"
"qns31079_311","CAP_cohort","CAP"
"qns31079_312","CAP_cohort","CAP"
"qns31079_313","CAP_cohort","CAP"
"qns31079_314","CAP_cohort","CAP"
"qns31079_315","CAP_cohort","CAP"
"qns31079_316","CAP_cohort","CAP"
"qns31079_317","CAP_cohort","CAP"
"qns31079_318","CAP_cohort","CAP"
"qns31079_319","CAP_cohort","CAP"
"qns31079_320","CAP_cohort","CAP"
"qns31079_321","CAP_cohort","CAP"
"qns31079_322","CAP_cohort","CAP"
"qns31079_323","CAP_cohort","CAP"
"qns31079_324","CAP_cohort","CAP"
"qns31079_325","CAP_cohort","CAP"
"qns31079_326","CAP_cohort","CAP"
"qns31079_327","CAP_cohort","CAP"
"qns31079_328","CAP_cohort","CAP"
"qns31079_329","CAP_cohort","CAP"
"qns31079_330","CAP_cohort","CAP"
"qns31079_331","CAP_cohort","CAP"
"qns31079_332","CAP_cohort","CAP"
"qns31079_333","CAP_cohort","CAP"
